L,L,L,L,L,E,L
L,L,V,L,L,E,E
V,E,L,E,L,L,L
L,L,L,L,L,E,V
L,E,V,L,V,V,L
L,L,V,L,L,V,E
V,E,L,E,E,V,L
V,V,V,V,V,L,L
L,V,V,E,V,V,E
L,L,L,L,L,L,E
V,V,L,V,V,E,L
L,L,L,V,V,L,L
V,V,L,V,V,L,L
V,V,V,V,V,V,E
V,E,L,V,L,L,L
L,L,L,E,E,L,E
V,V,L,V,V,L,V
V,L,L,V,E,V,V
V,V,E,V,V,E,L
V,V,L,V,V,L,V
L,L,V,L,E,V,E
V,V,L,L,V,L,E
V,V,L,V,V,L,E
V,V,V,E,V,V,V
L,L,V,L,L,L,E
E,V,V,V,V,L,L
L,L,L,V,L,L,V
L,L,L,E,L,L,V
L,L,V,L,L,V,L
L,V,V,V,V,E,L
V,V,L,V,V,L,V
L,L,L,L,L,E,E
L,L,V,V,V,L,L
L,L,V,V,E,E,L
L,L,V,E,V,V,L
L,L,V,L,L,V,V
V,V,L,V,V,L,L
E,E,V,V,L,E,L
V,V,V,V,L,V,L
V,L,L,V,L,L,E
V,L,V,V,V,L,V
V,V,L,V,V,L,L
V,V,L,L,L,V,L
V,V,L,V,E,L,V
E,L,L,V,V,L,L
V,V,L,E,E,E,V
E,L,E,L,L,V,E
L,L,V,L,L,V,L
L,L,V,L,V,V,E
V,L,L,L,E,V,E
L,L,V,L,L,V,L
V,L,L,E,L,L,L
V,V,L,V,V,E,E
V,V,L,V,V,V,L
L,V,V,E,L,V,E
E,L,L,V,V,V,V
L,V,L,L,L,V,E
V,V,V,L,L,V,E
L,L,V,L,L,V,L
L,L,V,V,V,L,V
E,L,L,L,E,V,L
V,V,L,V,V,L,E
V,L,L,V,E,L,L
L,V,V,V,V,E,L
E,V,V,L,L,E,L
L,E,V,V,V,L,E
E,V,V,L,E,V,E
L,E,V,L,L,L,E
V,L,V,V,V,V,L
L,V,V,V,E,L,V
L,L,V,L,L,V,L
V,L,L,V,V,L,L
V,V,V,V,V,V,E
L,L,V,L,L,L,E
V,V,L,V,V,L,L
V,E,L,L,L,E,E
E,L,V,V,L,V,V
E,V,L,V,E,L,L
V,V,V,V,E,L,L
V,L,L,V,V,L,L
V,V,V,V,V,V,V
V,V,L,V,V,L,E
L,L,L,E,L,L,E
L,L,V,V,E,E,E
V,V,V,L,V,V,V
L,E,V,V,L,L,E
V,V,E,V,V,L,L
L,V,V,L,L,V,L
E,L,L,V,V,V,V
L,L,V,V,V,V,L
L,L,L,L,L,L,E
L,L,V,L,L,V,L
V,V,V,V,V,V,E
L,L,L,L,L,L,L
V,L,L,L,V,L,L
L,L,V,V,L,L,E
V,V,L,V,V,E,L
V,V,L,L,L,V,V
L,L,V,V,V,V,L
V,L,E,L,L,E,V
V,V,L,V,V,L,V
V,V,L,V,V,L,L
V,V,L,V,V,L,E
L,L,V,L,V,V,E
V,L,L,V,E,L,V
L,V,V,V,V,L,L
V,E,L,V,E,L,L
V,V,V,V,V,L,L
V,V,L,L,L,L,E
L,V,V,V,V,L,L
L,L,V,L,L,V,L
V,V,L,V,V,V,L
L,L,V,L,E,E,L
L,V,V,V,E,V,V
V,V,V,L,L,V,L
V,L,L,L,L,L,L
L,L,L,L,L,E,L
V,V,L,V,L,L,L
V,V,E,L,V,V,V
L,L,V,L,E,V,E
V,V,L,V,V,L,E
L,L,E,V,V,L,E
V,L,L,V,L,L,L
V,V,L,V,L,L,E
L,L,L,V,V,E,L
V,V,E,V,V,L,L
V,V,L,V,V,L,L
V,V,L,V,V,L,E
L,V,V,V,V,L,L
L,L,L,L,E,L,L
L,L,V,L,E,V,L
E,L,L,E,L,L,L
L,E,V,E,E,E,V
L,V,V,L,L,E,E
E,V,V,V,V,V,V
E,L,L,E,E,E,E
E,V,V,E,V,V,E
V,V,L,E,V,L,L
V,E,L,V,V,L,L
L,L,V,L,L,V,L
V,V,E,L,L,L,V
E,E,L,V,V,L,E
V,E,V,V,V,L,V
V,V,L,V,V,L,V
L,V,V,L,V,V,V
V,V,L,V,V,L,L
V,E,L,E,L,L,V
V,V,V,E,V,V,L
E,L,L,E,E,E,E
E,L,V,V,L,L,L
E,V,V,V,V,L,V
L,L,V,L,V,V,V
E,L,L,L,L,E,L
V,V,L,V,V,L,V
L,L,V,L,L,V,L
L,L,V,L,V,V,L
L,L,L,E,L,L,V
E,V,E,L,L,V,L
L,L,V,V,E,L,L
L,V,L,E,V,L,E
V,V,E,E,L,L,L
L,L,V,E,E,V,E
L,L,V,L,V,E,L
V,V,L,E,V,L,V
V,V,V,V,V,L,V
V,V,L,V,V,L,L
L,V,V,L,V,V,L
V,L,L,V,E,E,L
L,L,V,E,V,V,L
V,V,L,V,V,L,V
V,V,L,E,L,V,V
V,V,L,V,V,L,L
L,E,V,E,E,E,V
L,L,V,V,E,V,L
V,V,E,L,V,V,E
V,V,V,L,L,L,L
L,L,V,L,L,V,L
L,L,E,E,V,L,V
V,L,L,L,L,V,L
V,E,L,E,L,L,L
V,V,V,V,V,V,L
V,E,L,E,L,L,L
L,L,V,L,E,L,E
V,V,L,V,V,L,E
V,E,L,V,L,L,V
V,V,V,V,V,L,E
V,V,V,L,L,V,L
L,E,E,V,V,E,E
V,V,L,E,V,V,E
L,L,V,V,V,L,L
L,L,V,L,E,V,L
V,L,L,V,L,L,E
V,V,L,V,E,L,E
V,V,L,V,V,L,L
V,L,L,L,L,L,L
L,L,L,L,L,V,L
E,L,V,V,V,V,L
L,L,V,V,E,L,L
L,E,V,L,V,V,E
V,E,L,V,V,L,V
L,V,L,V,V,L,E
L,L,V,V,V,V,L
E,V,V,L,V,V,L
V,V,L,V,E,L,L
L,L,V,L,L,L,L
L,V,V,V,V,V,V
L,V,L,V,E,L,L
V,V,L,V,V,L,V
L,L,V,V,V,V,L
L,L,V,L,E,V,L
V,V,V,E,V,V,V
E,E,L,L,L,L,L
L,L,V,E,L,V,L
L,L,L,L,L,L,V
V,L,L,V,V,L,L
V,L,V,V,L,L,L
V,L,L,V,V,L,L
V,L,L,V,E,L,L
L,L,L,L,L,L,V
V,V,L,L,V,V,L
V,V,L,V,V,L,E
V,V,L,V,E,L,L
L,L,V,L,L,L,L
L,E,V,V,V,E,E
L,V,V,V,V,V,L
V,V,L,V,V,L,V
V,V,V,L,V,V,L
L,E,V,E,L,E,L
L,L,V,L,L,V,V
V,V,L,L,V,L,E
V,V,L,V,V,L,V
V,L,L,V,L,L,L
V,L,L,V,V,E,E
L,L,L,L,L,V,L
L,L,V,L,L,V,V
V,V,L,E,V,V,L
L,L,V,E,E,E,V
L,L,V,L,L,E,L
V,V,L,L,L,L,V
V,L,L,V,L,E,V
V,V,L,V,V,L,L
V,V,L,V,V,L,E
L,V,V,L,V,V,V
L,L,V,E,L,L,L
L,V,V,L,L,L,V
V,V,V,V,V,V,E
L,L,V,E,L,E,L
L,V,L,E,V,L,E
V,V,V,V,V,V,V
V,V,L,L,L,L,E
V,V,L,V,V,L,V
V,E,L,V,L,L,V
V,L,L,L,L,E,E
V,V,L,V,V,L,V
V,E,L,V,V,L,L
L,L,V,E,V,L,V
L,L,V,V,V,V,E
L,L,L,E,L,L,V
L,L,V,E,E,V,L
L,L,V,E,V,E,L
E,V,V,E,V,V,L
V,L,L,V,L,L,L
L,L,L,L,L,L,L
V,V,V,V,V,V,E
L,L,E,L,L,V,L
E,L,L,V,L,L,L
L,V,V,L,V,V,V
L,L,V,E,V,V,V
L,V,L,L,V,L,E
V,V,L,V,V,L,L
L,L,E,E,E,E,V
V,E,L,L,L,L,E
V,V,L,V,E,E,L
V,V,V,V,V,V,L
V,E,L,V,L,L,E
V,L,L,E,L,L,L
V,V,V,E,E,L,V
L,V,V,E,V,V,E
V,V,V,E,E,V,V
E,V,V,L,L,V,L
V,E,L,V,E,L,E
V,L,L,L,L,V,L
E,L,L,E,L,L,V
L,L,L,E,V,L,E
V,V,L,E,L,L,L
L,L,L,V,L,L,L
V,L,L,V,V,L,L
L,V,V,V,V,V,L
L,L,V,L,E,V,L
L,L,V,L,E,V,L
V,V,L,V,V,L,E
V,V,L,V,V,L,L
L,V,V,E,V,V,E
V,V,L,V,V,L,V
E,V,V,V,V,L,E
V,V,V,V,V,V,E
V,E,L,V,E,L,V
V,V,V,V,V,L,E
V,V,L,V,E,L,V
L,L,V,L,L,E,E
L,L,V,L,E,V,L
V,V,L,V,V,L,V
L,L,L,L,L,L,L
L,L,V,L,L,V,E
V,V,L,L,L,E,V
L,E,E,L,L,V,E
L,L,V,L,L,V,L
L,E,V,L,L,V,V
L,L,V,L,L,V,E
L,L,V,L,L,V,L
V,L,V,V,V,L,V
V,L,L,V,L,L,V
V,V,L,V,E,L,V
L,V,V,V,V,L,L
V,V,L,V,V,L,L
V,V,L,V,V,L,L
V,V,V,V,V,L,E
L,L,L,E,V,V,L
V,V,L,V,V,E,L
L,V,V,L,L,V,E
V,L,L,V,L,L,L
L,V,V,L,V,V,L
V,L,L,E,V,V,L
L,L,V,L,V,V,V
L,L,V,V,E,L,L
L,L,L,L,L,L,L
E,V,V,E,E,L,V
V,V,V,V,V,L,E
E,E,V,E,V,V,L
L,L,V,L,L,V,L
V,V,L,V,V,L,E
V,V,L,V,E,L,V
V,V,L,L,L,L,E
V,V,L,V,V,L,V
L,L,V,E,V,E,E
V,L,L,L,L,E,L
V,V,L,V,V,L,E
L,V,V,L,V,V,V
V,V,L,L,E,V,V
L,V,V,V,V,L,E
V,V,V,L,L,V,L
L,L,V,L,V,V,L
V,V,V,L,V,V,E
L,L,V,L,L,L,L
V,V,E,L,E,V,E
L,L,V,E,L,L,V
L,L,E,E,L,L,L
L,L,L,E,L,L,E
V,V,L,E,V,V,V
V,V,V,V,V,L,V
V,V,L,V,V,L,L
E,L,L,L,L,E,E
V,V,L,E,V,V,E
E,V,L,V,E,L,L
V,V,L,V,V,V,E
V,V,L,V,V,L,V
V,V,L,V,V,L,E
L,L,V,V,E,L,E
V,V,V,E,V,V,L
L,L,V,L,L,L,V
V,L,L,V,V,E,L
E,V,V,L,L,V,V
L,L,E,L,L,E,L
V,L,L,V,E,L,L
L,L,V,L,L,E,L
E,V,V,E,E,V,E
L,L,L,L,L,E,L
L,V,V,E,V,V,V
L,V,V,V,E,L,L
V,V,E,L,E,L,L
V,L,L,L,L,L,E
V,V,L,V,V,L,E
V,V,L,V,V,L,V
L,L,V,L,L,V,L
E,V,L,V,E,L,E
V,L,L,V,E,L,V
V,V,V,V,E,V,V
L,L,V,V,V,V,E
L,L,V,L,V,E,L
V,V,L,V,V,L,L
V,V,L,V,V,V,V
V,L,L,L,E,L,L
V,V,V,V,V,V,L
L,L,V,L,L,V,L
V,V,V,L,L,L,E
L,V,V,L,L,L,E
L,L,V,L,E,V,L
V,V,V,V,V,V,V
V,E,L,V,V,L,E
L,L,V,V,V,E,V
V,E,L,V,E,L,V
V,E,L,E,L,V,L
V,L,E,V,L,E,L
L,V,V,L,V,V,V
E,V,V,E,V,E,E
L,L,L,V,L,L,L
V,V,V,V,V,V,L
L,L,V,L,L,V,L
L,L,L,L,L,L,L
V,V,L,V,V,L,L
V,V,L,V,V,L,V
L,L,L,E,E,V,L
L,E,V,L,V,L,L
V,L,L,V,E,L,L
L,L,V,L,L,V,E
V,V,L,V,V,L,E
V,V,V,V,V,V,L
V,V,V,V,V,E,L
E,L,E,V,L,L,E
V,L,L,V,L,L,E
L,L,L,L,L,L,L
V,V,L,V,V,V,L
L,L,V,L,V,V,V
V,V,L,E,L,L,L
L,E,V,L,L,E,V
V,V,L,V,V,L,V
V,V,E,V,V,E,V
L,V,V,V,V,V,E
L,V,V,V,V,V,V
V,V,V,E,V,V,E
L,L,E,L,L,E,L
L,V,V,V,V,E,V
L,L,L,L,L,E,E
V,V,L,V,V,L,L
V,E,V,L,L,V,L
L,L,V,L,L,V,L
V,V,V,V,V,L,L
L,L,L,E,V,V,L
E,L,L,L,L,L,E
L,L,V,L,L,E,L
L,L,V,E,L,E,E
V,E,L,L,L,L,V
V,V,E,V,V,L,L
V,V,L,V,V,L,L
L,E,V,V,V,E,L
L,L,L,E,V,L,E
V,V,L,L,L,L,V
L,L,V,E,L,E,V
V,L,L,V,V,L,L
V,L,L,L,L,L,V
V,V,V,V,V,E,V
L,V,V,V,V,V,V
V,V,V,L,E,V,L
V,V,V,V,V,L,L
L,V,V,L,L,V,V
V,L,E,L,L,V,L
V,L,L,V,V,L,L
V,V,V,V,V,E,V
L,L,V,L,V,L,L
L,L,V,L,L,V,L
L,L,L,L,L,L,E
E,L,L,L,L,L,L
L,L,L,L,L,V,L
V,V,L,V,V,L,E
V,V,L,V,V,L,E
L,L,V,V,L,L,L
V,V,L,V,V,L,V
V,E,E,V,E,V,L
V,V,L,V,V,L,E
L,V,V,V,V,L,V
V,E,V,V,L,L,L
L,V,V,L,E,V,V
L,L,V,L,L,V,V
V,L,L,V,V,L,L
V,L,L,V,L,L,V
L,L,V,L,L,L,L
V,V,V,V,V,V,L
L,L,E,L,L,V,L
L,L,V,L,V,V,L
V,L,L,L,E,V,L
L,L,L,L,L,V,V
V,V,L,V,E,L,E
V,E,L,E,L,L,V
V,V,L,V,L,L,V
E,L,L,L,E,E,L
V,V,E,V,V,V,E
L,L,V,L,V,V,E
V,V,L,V,V,V,E
V,V,V,V,V,L,E
L,L,V,V,V,E,E
L,L,V,L,V,V,L
E,L,L,L,L,E,E
L,L,V,L,V,V,L
L,L,L,L,E,E,L
L,L,L,V,L,L,V
L,L,V,L,L,L,L
L,L,L,L,V,L,V
V,V,L,E,E,E,L
V,V,L,V,V,L,V
V,V,L,V,E,L,E
V,V,V,V,V,E,E
L,V,V,L,V,V,L
V,V,L,V,V,L,V
V,L,L,V,V,L,L
L,L,V,L,L,V,E
V,V,L,V,V,L,V
V,E,V,V,E,L,E
V,V,V,V,V,V,L
V,L,L,V,L,L,L
L,V,V,V,V,E,V
V,L,L,V,L,L,L
L,L,V,L,L,E,V
L,V,V,L,V,V,L
L,L,L,E,L,L,E
V,V,L,V,V,E,V
L,L,V,L,L,V,V
L,E,V,E,E,L,L
L,L,V,L,L,V,L
V,E,L,V,E,L,V
V,L,L,E,L,L,L
V,V,L,V,V,L,V
L,E,V,L,L,V,E
V,V,V,V,V,E,L
L,L,L,L,E,L,L
L,L,E,L,L,V,E
V,L,L,V,L,L,L
V,L,L,E,L,E,L
V,V,E,V,V,V,L
L,V,V,V,V,V,L
E,L,V,V,L,E,E
L,E,E,V,V,L,V
L,V,V,V,V,V,L
L,L,V,L,E,V,L
V,E,V,V,L,L,V
V,V,L,V,L,L,L
V,V,L,V,V,E,L
V,L,L,V,V,L,V
L,E,V,E,L,V,E
L,L,V,L,L,V,L
E,E,V,L,L,L,L
V,V,L,V,V,V,V
L,L,L,L,L,L,E
L,L,E,V,L,L,E
V,V,L,V,V,L,L
L,E,V,L,L,V,E
V,L,L,V,L,L,L
V,V,L,L,E,V,L
V,V,L,V,V,L,V
V,L,L,V,L,L,V
V,V,V,V,V,E,L
L,V,V,L,E,V,E
V,V,V,V,V,V,L
V,L,L,V,L,L,L
L,L,V,L,L,E,L
E,L,E,V,V,L,L
V,V,E,V,L,E,L
V,V,L,V,V,V,L
L,L,V,L,L,V,E
E,V,V,L,E,V,L
L,V,V,V,V,L,L
L,V,V,E,V,E,V
L,L,L,V,L,L,V
L,V,V,V,V,E,L
L,E,V,V,V,E,E
V,V,L,V,V,L,E
V,L,L,V,L,L,E
V,E,L,E,E,E,V
V,L,L,V,L,L,V
V,V,L,V,V,L,L
V,V,V,V,V,V,V
V,L,L,L,L,E,L
L,L,E,L,L,E,L
L,V,V,L,L,V,L
V,L,L,V,L,E,V
E,L,L,L,L,V,L
V,V,L,L,L,E,V
L,L,V,L,L,V,E
L,L,V,E,L,L,L
E,V,V,L,V,V,L
L,L,L,V,L,L,E
L,V,V,V,V,V,E
L,E,V,L,L,V,V
L,L,L,L,L,L,E
V,V,V,V,V,V,E
L,E,V,L,L,E,E
V,V,L,V,V,L,V
V,L,L,E,V,V,L
V,V,V,E,V,V,L
E,E,V,V,V,V,V
V,V,V,V,V,E,E
V,V,L,V,V,V,L
L,V,V,V,V,L,E
V,V,L,L,L,E,E
L,L,L,L,L,L,L
V,V,L,E,V,L,E
L,L,V,L,L,E,V
V,L,L,V,L,L,V
E,E,V,L,V,V,L
V,V,V,L,L,V,V
L,V,V,V,V,L,L
V,V,L,V,V,E,V
V,V,V,V,V,E,L
L,L,V,E,L,L,V
E,V,L,E,L,L,E
V,V,L,V,V,L,L
L,L,L,L,E,E,E
L,L,V,L,L,V,L
V,L,L,L,E,V,V
E,V,V,V,L,L,E
V,L,L,L,L,L,L
V,V,L,V,V,L,V
L,L,V,L,V,V,E
L,L,V,L,V,E,L
V,L,L,V,V,V,V
L,V,L,V,V,L,E
V,V,L,V,E,V,E
L,L,V,V,L,L,E
L,L,E,E,V,V,L
L,V,V,L,L,L,L
L,L,V,L,L,E,L
L,E,V,V,V,E,L
L,L,V,L,L,V,E
L,L,L,L,L,E,E
V,V,L,L,L,L,L
L,V,V,V,V,V,L
L,L,V,E,L,L,L
V,L,L,E,V,V,L
V,V,L,V,V,L,L
V,V,L,V,L,L,L
V,V,L,V,V,L,E
V,V,L,V,V,L,L
L,V,V,V,V,V,E
V,L,L,V,L,L,L
V,L,L,V,L,L,L
V,V,L,V,V,L,E
V,V,L,V,V,V,L
V,L,V,V,V,V,L
L,E,V,L,L,V,E
V,V,L,V,V,L,L
L,L,L,L,L,E,E
V,L,L,L,L,L,E
L,V,V,L,L,L,V
L,V,V,L,V,V,E
L,L,V,L,E,V,L
V,V,L,V,L,L,E
L,V,V,E,V,L,V
L,V,L,E,V,L,V
E,V,V,V,V,V,L
V,L,L,V,L,L,E
L,V,V,V,V,V,E
V,V,V,V,V,E,L
L,L,V,L,E,V,L
L,E,V,L,L,V,L
L,L,V,L,L,V,L
V,V,L,V,V,E,L
L,L,L,L,L,L,L
L,L,V,L,L,V,E
V,V,L,V,E,L,V
V,V,E,L,L,E,V
V,V,L,V,V,L,E
L,L,L,L,L,L,L
V,V,L,V,V,L,V
V,V,V,V,V,V,V
V,V,L,V,V,L,L
V,E,L,V,E,L,L
L,L,V,L,L,V,E
L,L,V,L,L,V,L
L,V,V,V,V,L,L
V,L,L,L,L,L,V
V,E,L,V,V,E,L
V,V,V,V,E,L,L
L,E,V,L,L,V,L
L,E,V,L,E,V,L
L,L,V,L,L,V,E
L,L,V,V,E,L,L
V,L,L,V,L,L,V
V,V,L,V,V,L,V
V,V,L,V,V,L,L
V,V,V,V,V,V,V
V,V,V,V,V,V,L
V,V,L,V,V,V,V
V,V,L,V,V,L,V
V,L,L,V,L,L,L
V,V,L,V,V,L,E
L,L,V,L,L,V,E
L,V,V,L,V,E,L
L,L,V,L,L,V,E
V,V,V,E,L,V,E
L,L,V,L,L,V,L
E,L,L,L,L,E,V
V,V,L,V,E,E,V
L,E,V,E,V,V,L
V,V,L,V,V,L,V
V,L,L,V,E,L,L
L,V,V,L,V,V,E
V,V,L,V,V,L,V
L,L,L,L,L,L,L
L,E,L,V,L,L,L
V,L,L,V,V,E,E
L,V,V,L,L,V,E
V,V,L,V,V,L,L
L,L,V,L,E,E,V
L,V,V,L,V,V,E
L,L,L,E,L,L,E
V,E,L,V,V,V,V
L,L,V,L,L,V,L
V,V,L,E,L,L,V
V,V,V,V,V,V,L
V,L,L,V,L,L,L
L,L,V,L,L,E,L
V,L,L,V,V,L,V
V,V,L,V,V,L,L
V,V,L,E,V,V,L
L,L,L,E,L,L,V
V,V,V,V,V,V,V
V,V,L,L,L,L,L
V,V,L,L,L,L,V
V,V,V,V,V,L,L
V,E,L,V,E,L,E
L,V,V,E,V,V,L
E,V,V,V,E,L,E
L,L,V,V,E,L,L
V,V,L,V,V,L,L
L,L,E,L,L,E,L
L,V,V,L,V,V,V
L,L,E,L,L,V,E
L,L,V,L,L,E,V
V,V,L,L,L,E,E
V,V,L,V,V,V,E
V,V,L,V,E,L,V
L,V,V,V,E,V,V
V,V,L,V,E,L,V
V,L,L,V,E,L,V
L,L,L,L,L,L,L
V,V,L,V,V,L,V
V,V,L,V,V,L,V
L,L,L,V,V,E,E
L,V,L,L,L,V,L
L,L,V,L,L,V,E
L,L,V,L,L,L,E
L,V,L,L,L,V,E
V,V,L,V,V,E,L
V,L,L,L,L,E,E
L,V,V,V,L,L,V
L,L,V,V,V,V,E
L,V,V,V,L,L,L
E,L,E,L,E,V,V
L,L,V,L,V,V,L
V,V,V,V,V,L,L
V,V,L,L,L,L,V
V,V,L,V,V,L,L
L,L,L,L,L,V,V
V,V,V,V,V,E,L
L,L,V,L,E,V,L
V,L,L,V,V,L,L
V,V,L,E,L,L,L
L,L,L,E,L,L,L
V,V,L,V,E,L,L
V,V,V,L,L,E,E
V,V,V,E,V,V,L
V,V,L,V,V,V,L
L,L,E,L,L,L,L
L,L,V,L,L,L,L
E,V,E,V,V,V,L
L,L,L,E,L,L,L
L,L,V,L,L,V,L
L,L,L,L,L,E,L
L,E,V,L,L,V,E
V,V,V,V,E,V,L
V,V,L,V,V,L,L
V,V,L,V,V,L,L
L,L,L,L,L,L,L
L,L,L,L,L,L,L
V,V,E,V,V,L,L
V,V,L,V,V,E,L
V,V,L,V,V,L,E
V,E,L,V,V,L,E
V,E,L,V,V,L,L
V,V,L,V,V,E,L
L,L,V,V,V,L,L
V,V,L,V,V,E,V
L,E,V,L,L,L,L
L,L,V,L,E,V,E
V,V,L,V,E,L,V
V,V,E,V,V,L,L
V,V,L,V,V,L,V
L,L,L,L,L,L,L
V,L,L,V,V,L,L
E,L,L,V,L,L,L
L,L,E,E,L,L,L
V,V,L,L,E,L,V
L,L,V,L,L,V,E
L,L,L,E,L,L,L
V,V,L,V,V,L,E
L,L,L,L,L,E,E
L,V,V,E,V,V,E
V,V,E,V,V,L,L
L,E,V,L,V,V,L
V,V,L,V,L,L,L
V,E,E,E,V,V,E
L,L,V,V,V,L,L
V,V,V,V,V,V,E
V,V,E,V,V,L,L
V,E,E,L,E,V,L
V,V,L,V,V,L,E
V,V,L,V,V,E,V
V,L,L,V,V,L,L
L,L,V,L,L,V,E
L,L,E,V,E,L,E
V,V,L,V,V,L,V
V,V,L,V,E,L,L
V,V,L,V,V,L,L
V,V,E,V,V,E,L
L,L,V,L,L,V,L
L,L,L,L,L,L,L
L,L,V,E,L,L,E
L,V,V,L,V,V,L
V,V,V,V,E,L,V
V,V,L,V,V,L,L
L,L,L,V,V,L,L
V,V,L,V,V,V,V
L,L,V,L,L,E,L
L,L,L,V,E,L,E
V,V,V,L,E,V,L
V,L,L,E,L,V,E
L,L,L,E,L,L,E
L,L,L,E,E,L,E
L,V,L,V,V,L,V
L,V,V,L,E,V,E
L,L,L,L,L,L,V
V,V,L,L,E,V,L
E,E,V,V,V,L,L
V,V,V,V,V,V,L
L,V,V,L,L,L,V
V,V,V,V,V,L,E
V,V,L,V,V,L,V
V,V,L,V,E,L,L
V,V,V,V,V,E,L
L,E,V,L,V,V,V
L,L,V,L,L,E,L
V,V,L,L,V,V,V
V,V,L,L,L,V,E
L,L,L,V,V,L,L
V,V,L,V,V,L,E
L,L,L,L,L,L,E
L,L,V,V,L,L,L
V,L,L,V,L,L,L
V,V,L,V,V,L,E
V,L,L,V,E,L,L
V,V,V,V,V,L,E
V,V,E,E,V,E,V
V,V,L,V,V,L,L
L,L,V,L,L,L,V
V,V,V,V,V,V,L
L,L,L,E,V,L,L
L,V,V,L,L,V,V
V,V,L,L,V,V,E
L,V,V,V,V,L,L
V,V,L,L,V,V,E
L,E,V,E,V,V,L
V,L,L,E,E,L,E
L,L,L,L,L,L,L
L,L,L,V,L,V,E
L,E,E,L,E,V,V
V,V,L,V,V,L,L
V,V,V,V,V,V,L
L,L,V,V,L,L,V
V,V,L,L,L,L,V
V,L,V,E,E,V,V
V,V,L,V,V,L,L
L,L,V,V,L,E,L
V,V,L,V,V,L,V
L,L,L,L,L,E,L
V,V,L,L,L,E,L
L,L,V,L,E,V,L
L,L,V,V,V,V,L
V,V,V,V,V,L,L
L,L,V,V,L,L,L
L,L,V,L,L,E,L
V,V,L,V,V,L,V
L,L,L,L,E,L,V
L,L,V,L,L,V,L
V,V,E,V,V,L,L
E,L,L,V,E,L,L
L,V,E,L,V,E,L
L,L,V,E,V,V,E
V,L,L,V,E,L,E
L,L,V,L,L,V,V
L,L,V,L,L,E,V
V,L,L,V,E,L,E
V,V,V,L,E,V,L
V,V,L,V,V,E,L
V,V,L,V,V,L,L
V,V,L,V,V,L,E
V,L,L,V,L,L,E
V,V,L,L,L,L,E
L,E,V,L,E,V,V
V,V,L,V,E,L,L
V,V,L,V,E,L,E
L,L,L,V,V,L,E
V,V,L,L,L,L,V
L,L,L,L,L,L,V
L,L,V,V,L,E,E
E,V,V,L,V,V,L
E,L,E,V,V,L,L
V,L,L,L,L,L,L
L,L,V,L,E,V,L
V,L,L,V,V,L,V
V,E,L,L,L,L,E
L,V,V,V,V,E,L
V,V,L,E,L,V,L
V,L,L,E,E,L,E
L,V,V,L,V,E,L
V,V,L,V,V,L,E
L,L,V,V,E,V,L
V,V,L,E,V,L,E
L,V,V,L,E,V,L
V,V,L,V,V,L,L
L,L,V,L,E,V,L
V,L,L,V,V,L,V
L,V,V,V,V,V,L
L,V,V,V,V,V,L
V,L,L,E,L,L,L
V,L,L,V,L,V,E
E,E,V,V,V,L,V
V,L,L,V,V,L,E
L,V,V,V,V,V,V
V,V,L,V,V,L,L
L,V,E,E,E,L,E
V,V,E,L,L,L,E
V,L,L,L,L,L,V
V,V,L,E,V,L,E
L,L,V,L,L,V,E
L,V,V,L,L,V,E
V,L,L,V,E,L,L
L,L,V,E,V,V,L
E,L,L,V,L,L,V
E,V,V,L,V,V,V
V,E,L,V,E,L,E
V,E,L,V,V,E,L
L,L,V,L,L,V,L
L,V,V,V,V,V,L
L,L,V,L,L,V,V
V,V,L,V,L,E,E
V,L,L,V,L,L,V
V,V,L,L,V,E,E
E,V,V,V,V,E,L
L,L,L,L,L,L,L
V,V,L,V,L,L,L
V,V,L,E,V,L,V
L,V,V,V,V,L,E
E,L,V,V,V,E,V
L,L,V,E,V,E,L
V,V,L,E,L,V,L
L,L,V,L,L,V,L
V,V,L,L,E,V,E
V,L,L,L,L,L,L
V,L,L,V,L,L,L
V,L,V,V,V,V,E
L,V,V,V,V,V,L
V,V,L,V,L,L,E
V,V,V,E,V,V,V
V,L,L,V,V,L,L
L,V,V,L,V,V,E
E,V,L,L,L,L,V
V,L,L,V,L,L,L
V,V,L,V,V,L,E
E,V,V,V,V,L,L
L,L,V,E,L,E,L
L,V,V,E,V,E,V
L,L,L,V,V,L,L
L,E,V,L,L,V,V
E,E,V,V,V,L,L
L,L,L,L,L,V,L
V,L,L,E,V,V,L
V,V,E,E,V,V,L
V,L,L,L,L,E,E
L,L,V,E,L,L,L
E,V,V,V,V,E,L
V,L,L,V,V,L,E
V,V,E,V,E,L,V
V,V,V,V,V,V,E
V,V,L,V,L,L,E
V,V,L,V,V,L,L
V,V,L,V,V,V,L
L,E,V,L,L,V,L
L,L,V,V,L,L,L
E,E,V,V,V,L,E
V,V,L,V,V,L,E
V,V,L,V,V,L,E
L,L,V,L,E,V,L
V,V,L,E,L,V,L
E,L,L,L,L,L,L
L,L,L,L,L,V,E
V,V,V,L,E,V,V
L,L,V,L,V,V,L
L,V,V,V,V,V,L
V,L,L,L,L,V,E
L,V,L,L,E,L,V
L,L,V,L,L,E,V
E,L,L,E,E,E,L
L,L,V,L,L,E,E
L,E,V,L,L,V,E
L,L,V,L,L,V,E
L,V,V,L,V,V,L
V,V,L,V,V,L,E
L,E,V,E,E,E,V
V,V,L,V,V,L,L
V,E,E,V,L,L,L
V,V,L,V,V,L,V
V,V,V,V,V,V,L
E,L,L,L,L,V,E
L,V,V,L,V,V,E
E,E,L,V,V,L,L
L,L,V,L,L,V,L
V,L,L,E,L,E,L
V,V,L,E,V,L,L
L,L,V,V,V,V,V
L,L,E,V,V,E,V
L,V,L,V,V,L,L
L,V,V,V,V,V,E
L,L,L,L,L,L,V
L,L,V,E,E,E,E
V,V,L,V,V,E,E
V,V,E,V,V,V,L
L,L,L,L,L,E,E
V,V,L,L,V,V,L
L,L,V,L,L,L,V
V,V,L,E,V,V,E
V,V,L,V,E,L,E
L,V,V,L,L,V,V
L,V,V,V,V,V,E
V,E,V,L,L,V,L
L,L,V,L,L,E,E
L,L,V,L,L,V,E
E,L,V,L,L,V,L
V,V,L,V,V,L,V
V,V,L,V,V,L,E
L,L,L,L,L,E,V
E,E,V,V,L,L,L
L,V,V,V,V,E,L
E,L,V,V,E,L,V
V,V,V,V,V,V,L
L,L,E,V,V,L,E
V,V,E,V,E,V,E
V,V,E,E,L,E,L
V,V,L,V,V,V,L
V,V,L,V,V,L,V
V,V,L,V,E,V,L
V,V,V,L,L,V,V
V,L,L,V,L,L,E
L,L,V,L,L,E,L
L,L,V,V,E,L,L
L,L,L,L,L,L,V
V,V,L,V,L,L,V
L,V,V,L,L,V,V
V,V,L,V,V,L,L
L,L,V,V,V,L,V
L,V,V,L,E,V,V
V,E,L,V,V,L,E
V,L,V,L,L,E,L
V,V,E,E,L,E,V
V,V,L,V,V,E,L
L,L,V,L,L,E,L
E,E,E,L,V,V,E
L,E,L,E,V,L,V
L,L,V,V,V,V,V
L,L,L,V,L,L,L
V,V,L,V,V,L,V
L,L,V,L,L,V,V
V,L,L,V,L,L,L
V,V,V,L,L,V,E
V,V,L,L,L,E,L
L,E,V,L,L,V,V
E,V,V,L,L,E,E
E,L,L,V,V,L,V
V,V,L,V,V,L,L
V,V,E,E,V,V,E
V,V,E,E,V,E,L
L,L,V,L,L,L,L
L,L,L,E,V,E,E
L,L,E,V,E,L,L
V,V,L,V,L,E,V
V,V,L,V,E,L,L
L,L,V,V,E,L,E
L,L,V,L,L,V,L
E,V,L,E,V,V,E
E,L,L,E,V,L,V
V,V,E,E,V,E,L
V,L,L,V,V,V,L
L,L,V,L,L,V,V
V,V,L,V,V,V,L
V,V,L,V,V,L,E
V,L,L,E,L,L,E
V,V,E,L,V,V,V
V,L,V,L,L,E,E
L,E,L,L,L,V,V
L,L,V,V,V,E,V
V,V,L,E,V,V,V
L,V,V,V,V,V,L
L,L,V,L,L,L,E
V,V,L,V,V,V,L
L,L,V,L,L,V,V
E,E,L,L,L,L,E
L,L,V,E,V,V,V
V,V,L,E,V,V,E
V,V,L,V,V,E,L
L,V,L,V,V,L,V
V,L,V,L,E,L,V
L,V,V,V,V,V,L
E,L,L,L,L,L,E
V,V,V,V,V,L,E
V,V,L,L,L,E,L
L,L,L,L,L,L,E
V,V,V,V,L,L,V
L,L,V,L,L,E,L
V,V,E,E,E,V,L
E,L,E,E,L,L,L
V,V,L,V,V,L,L
V,V,L,V,V,L,V
L,E,V,L,V,V,E
L,L,L,V,L,E,E
V,V,L,V,V,L,L
V,V,L,V,V,L,L
L,L,L,L,E,V,V
V,V,E,V,V,L,V
V,V,L,V,V,L,V
V,L,E,V,V,E,L
L,L,V,E,E,V,L
V,V,E,V,L,L,E
E,V,V,L,L,V,L
V,V,V,V,E,V,L
L,L,V,L,L,V,L
V,V,L,V,E,L,L
E,V,E,L,L,V,V
L,L,L,V,V,L,E
V,V,L,V,V,L,V
L,L,V,L,V,V,L
V,V,L,V,L,L,E
L,L,V,L,L,V,L
L,L,L,V,V,L,E
L,V,V,L,V,V,L
V,V,V,V,L,L,V
V,V,L,V,V,L,E
V,V,L,V,V,L,E
L,L,V,E,L,L,V
V,V,V,V,V,V,L
L,L,V,L,L,E,L
E,E,V,V,E,E,L
L,E,V,L,L,V,L
L,L,E,E,V,L,E
V,V,L,V,V,L,L
V,V,L,V,L,L,L
V,V,E,V,V,V,E
L,L,E,E,E,E,V
V,V,E,V,V,E,L
V,V,E,E,E,E,V
L,L,V,L,L,E,E
L,L,L,L,L,L,L
L,L,V,V,L,L,L
V,V,L,E,E,E,L
V,V,L,V,V,L,E
V,V,V,V,V,V,V
L,L,V,V,V,L,E
L,V,V,L,V,V,L
E,L,L,V,L,L,L
E,L,L,V,V,L,L
L,L,V,L,L,V,L
V,L,L,E,V,L,E
V,V,L,V,V,L,V
L,L,L,E,L,L,V
L,L,V,L,L,E,L
L,L,L,V,V,L,V
V,L,L,L,L,V,E
V,V,V,V,V,L,E
V,V,V,V,V,E,L
L,V,V,L,V,V,L
L,L,V,V,V,L,L
V,V,L,V,V,L,E
V,V,L,V,V,L,L
V,V,V,V,V,V,E
L,V,V,L,L,E,L
L,L,V,V,V,L,V
L,L,V,L,L,V,V
V,V,V,L,L,V,E
L,L,V,L,L,L,L
L,L,V,V,E,L,E
L,E,L,E,V,V,L
V,E,L,V,V,L,L
L,L,V,L,E,V,E
V,V,V,L,L,L,E
V,V,V,V,V,L,L
L,L,V,L,L,V,V
L,L,V,V,V,L,L
L,L,L,V,V,L,V
L,L,V,L,L,L,L
V,V,L,V,E,L,V
V,V,L,V,V,L,E
V,V,L,V,V,L,L
L,L,L,V,V,L,L
L,L,V,L,E,V,V
V,V,L,L,L,V,V
E,L,V,V,L,L,V
L,E,V,E,L,E,E
V,L,L,V,V,L,L
L,L,V,L,V,V,V
E,L,L,L,E,V,V
V,V,L,V,V,L,V
L,V,V,L,V,V,E
L,L,L,L,L,L,E
L,L,L,L,L,L,L
L,L,V,E,L,V,L
L,V,V,V,V,V,L
L,L,V,V,V,L,L
V,V,L,V,L,L,E
V,V,V,L,L,V,V
V,V,L,V,L,L,V
V,V,L,V,E,L,L
V,V,L,V,E,L,E
L,L,V,V,V,L,L
L,L,V,L,V,V,L
L,L,V,L,L,L,E
V,V,L,V,V,V,V
V,V,V,V,V,L,L
L,L,V,L,V,V,L
V,V,L,V,E,E,V
V,V,L,E,V,E,E
L,L,V,L,L,V,L
L,L,V,L,L,L,L
L,L,V,V,V,V,L
L,L,L,V,L,L,L
E,V,L,E,V,L,E
L,L,L,L,L,L,E
L,L,V,V,L,L,L
L,E,V,L,E,V,V
V,V,L,V,V,L,L
V,V,V,V,V,L,E
V,V,V,V,V,V,L
L,L,V,L,V,V,L
L,L,V,L,L,E,L
L,L,V,L,L,V,E
V,V,L,V,V,L,L
V,V,L,V,V,L,L
V,V,L,V,E,L,E
V,V,L,V,V,L,V
L,L,L,L,L,L,E
E,L,V,V,V,V,E
L,L,V,L,L,E,L
V,V,V,V,V,V,E
V,V,L,V,V,L,E
E,L,V,E,V,V,L
L,L,E,E,L,E,L
V,V,L,V,V,L,V
L,V,V,L,V,V,L
E,V,V,L,V,V,L
L,L,V,L,L,V,E
V,V,V,L,L,L,V
L,L,E,L,L,L,L
E,E,L,E,L,L,V
V,L,L,V,L,L,V
L,V,V,L,V,V,L
V,V,L,V,V,L,V
V,V,L,V,L,L,V
V,V,E,E,V,V,L
L,L,L,L,L,L,L
V,V,V,V,E,L,E
V,V,L,V,V,L,L
V,V,V,V,V,E,L
L,L,V,E,L,L,L
V,V,L,V,V,V,V
L,L,V,E,E,V,V
V,L,L,V,V,L,V
L,E,V,L,E,V,V
V,V,V,L,V,V,L
L,L,V,L,E,V,V
V,V,V,V,V,V,E
V,L,L,V,L,L,E
L,L,V,L,L,L,V
L,L,L,L,L,V,L
V,L,L,E,L,L,V
V,V,L,V,V,L,L
V,L,L,V,L,L,E
L,V,V,L,V,V,L
L,L,V,L,L,V,L
V,V,L,E,L,L,E
L,L,V,L,L,V,E
V,V,L,V,V,L,L
V,V,L,V,V,L,L
V,V,L,V,V,L,V
L,L,V,V,L,L,L
L,L,V,V,V,V,E
L,L,V,L,V,V,E
L,L,V,L,L,V,L
V,V,E,V,V,E,L
V,V,L,V,V,L,L
L,L,V,V,V,V,L
E,L,L,V,E,L,L
V,V,V,V,E,L,E
V,V,L,E,V,V,L
L,L,L,L,L,V,E
V,V,L,V,L,L,V
L,L,L,L,L,V,L
V,L,V,L,L,L,L
L,V,V,L,E,V,E
L,V,L,E,V,V,E
V,V,L,V,E,L,L
V,V,L,V,V,V,V
L,L,V,L,L,E,V
L,L,V,E,V,E,E
V,E,L,V,V,L,L
V,V,V,L,V,V,V
L,L,L,L,L,E,E
L,L,V,L,V,V,L
L,L,V,L,L,V,L
L,V,V,V,E,E,E
V,V,V,V,L,L,L
V,V,L,E,E,V,L
L,L,V,V,V,V,L
V,V,L,V,V,L,V
V,V,L,V,L,L,E
V,L,L,L,L,E,L
L,L,V,L,L,L,L
V,V,L,V,V,L,E
V,V,L,V,V,L,E
L,L,L,L,E,V,L
L,V,V,V,E,L,E
V,L,L,V,V,L,L
V,V,E,V,E,L,V
V,V,E,L,V,V,L
L,V,V,L,V,V,L
V,V,L,V,V,L,V
E,E,V,L,L,V,L
L,L,V,L,L,V,E
L,L,V,L,L,V,L
L,L,V,L,L,V,L
V,V,E,L,V,V,L
V,V,L,L,L,V,L
V,V,V,V,E,L,E
L,L,V,L,V,V,L
E,L,L,V,L,L,L
V,V,L,V,V,L,L
L,V,V,L,V,V,V
V,V,L,V,V,L,E
V,V,L,V,V,L,V
V,V,L,V,V,L,L
L,V,L,V,V,E,E
V,V,V,V,V,L,L
V,V,L,L,V,V,L
L,L,V,V,V,L,L
L,L,V,L,E,E,E
L,L,V,L,L,V,L
L,L,E,L,V,V,L
V,V,L,V,V,L,E
V,V,L,V,V,L,V
L,V,V,L,L,V,E
V,V,L,V,V,L,L
L,L,V,L,V,V,L
L,L,V,L,L,V,V
E,V,V,E,V,V,L
L,E,V,L,V,V,V
V,L,L,L,L,V,L
V,E,L,V,E,L,L
L,L,V,L,V,V,V
V,E,E,V,V,E,L
V,L,L,V,V,L,E
L,V,V,L,L,V,V
V,V,L,V,V,L,V
L,E,E,E,L,L,E
L,L,E,L,L,E,L
V,V,L,V,V,L,L
V,V,L,E,V,E,L
E,L,L,L,L,L,E
V,V,L,V,V,L,L
L,E,V,V,V,V,E
L,L,V,L,L,V,L
V,L,L,V,L,L,V
V,E,L,V,E,L,L
L,L,V,L,V,V,V
V,V,L,V,V,L,V
V,V,V,V,V,V,L
V,L,L,V,E,L,L
V,V,V,V,V,V,E
V,V,V,V,V,V,E
V,V,E,V,V,L,E
L,L,V,L,L,E,E
L,L,L,L,E,V,V
L,L,L,E,L,L,E
V,L,V,E,L,L,L
V,V,V,L,L,V,V
V,V,L,V,E,L,E
V,V,L,V,V,L,E
L,L,V,L,L,V,V
V,L,L,E,L,L,V
L,V,V,V,V,L,E
L,L,V,L,L,E,E
V,V,L,L,V,V,V
V,L,L,E,L,L,L
L,L,V,L,V,V,V
L,L,V,L,L,V,V
V,V,L,L,V,L,L
L,L,V,L,L,V,L
V,V,E,L,L,V,L
V,V,L,V,E,L,L
L,L,V,V,L,L,L
L,L,V,V,V,L,V
L,L,L,V,V,L,E
V,L,L,L,L,L,E
V,V,L,V,L,L,V
V,V,E,V,V,E,E
L,L,V,V,V,E,E
V,V,L,V,V,L,V
V,L,L,V,V,L,L
L,V,L,L,E,E,L
L,L,V,E,L,L,E
V,V,V,V,V,V,L
V,L,L,L,L,V,E
L,L,V,L,L,V,E
E,E,V,L,L,V,L
L,V,V,V,V,E,V
V,L,L,L,L,L,L
L,L,L,L,L,E,E
V,L,L,L,L,E,L
L,L,L,V,V,V,V
V,E,L,V,V,L,V
V,V,L,V,V,V,L
V,V,L,V,L,L,E
V,V,L,E,L,L,V
V,V,L,L,L,V,E
V,V,V,V,E,L,L
L,L,V,V,V,E,L
V,V,L,L,E,V,E
L,L,V,L,L,L,L
V,L,L,V,V,L,E
L,L,V,L,L,V,E
V,E,L,V,E,L,L
L,L,V,E,V,V,E
V,V,V,V,V,E,E
V,E,V,V,V,E,V
L,V,V,V,V,E,L
L,L,L,L,L,L,V
L,L,V,E,L,E,V
V,V,L,V,V,L,L
L,L,L,E,L,L,L
V,L,L,L,L,V,E
V,V,L,V,V,L,E
L,L,V,L,L,L,L
E,V,V,V,L,L,L
V,E,L,V,V,L,E
L,L,V,E,L,L,E
V,V,L,V,V,L,L
V,V,L,L,V,V,L
L,V,V,V,V,L,V
V,V,L,V,V,L,L
L,L,V,L,L,L,V
V,V,V,V,V,L,L
L,V,V,E,V,V,L
L,L,V,L,L,V,L
L,L,V,V,V,V,L
V,V,L,V,V,L,L
L,L,L,V,V,L,L
V,L,V,V,E,V,E
L,L,V,V,L,L,L
V,E,V,L,E,V,L
L,L,L,L,L,L,V
V,E,L,V,E,L,E
V,V,L,V,V,V,L
L,L,V,E,L,E,L
L,L,V,L,L,V,V
V,V,L,V,V,E,E
L,E,V,L,E,V,E
L,L,L,L,E,L,E
V,E,V,E,L,V,E
V,V,V,V,V,V,L
L,L,V,L,L,V,L
L,L,E,L,L,E,E
E,L,V,V,E,L,L
V,V,L,V,V,L,L
L,V,L,V,V,L,V
V,V,L,V,V,L,E
V,L,L,V,V,L,L
V,V,V,L,E,V,V
V,E,L,L,L,L,L
V,E,L,V,E,L,L
V,V,E,E,V,E,L
V,V,E,E,L,V,V
V,V,V,V,V,V,L
L,L,L,V,L,L,V
L,L,V,E,E,E,E
L,L,V,L,L,V,E
E,L,L,L,L,L,V
L,V,V,L,L,V,E
V,V,V,V,V,V,V
V,L,V,L,L,L,L
E,V,V,V,V,L,V
V,V,L,L,L,V,E
L,V,V,L,L,V,L
V,V,L,L,L,L,L
E,V,L,V,V,L,L
V,V,L,L,V,E,L
L,L,V,L,L,V,V
L,V,V,L,V,V,V
L,L,L,V,L,L,L
V,V,L,E,E,L,E
L,L,V,V,V,L,V
L,L,V,V,V,V,L
L,L,L,E,L,L,E
V,L,V,L,L,E,L
V,V,E,V,L,L,E
V,V,V,V,V,L,V
V,V,V,V,V,L,L
V,E,L,V,V,L,V
V,V,L,V,L,L,V
L,L,L,L,L,V,L
V,V,V,E,E,V,E
L,V,L,L,V,E,V
L,V,L,L,V,V,V
V,E,V,V,E,E,E
L,V,V,L,E,V,E
L,L,L,L,L,L,V
L,L,V,L,L,V,E
V,V,L,E,E,V,E
L,L,V,E,V,V,L
V,V,L,V,V,L,L
L,L,V,L,V,V,L
V,V,V,E,L,L,V
E,V,L,L,V,V,E
V,V,L,L,V,V,E
V,L,V,V,E,L,V
L,L,L,V,L,L,E
L,L,V,E,V,V,L
L,L,L,E,V,E,V
L,E,E,E,E,L,L
L,L,L,L,L,E,L
V,V,L,V,L,L,L
E,L,V,L,L,L,L
L,L,V,L,V,V,E
V,V,L,V,V,L,L
L,L,V,V,V,L,L
V,E,L,L,L,L,L
E,L,L,E,L,L,V
L,V,V,L,L,V,V
L,V,L,E,V,L,L
V,V,L,V,V,V,E
V,V,L,V,E,L,E
V,L,E,V,E,L,V
V,V,L,V,V,L,V
V,V,L,V,V,L,V
V,V,L,L,L,L,V
L,L,V,L,L,V,L
L,L,V,L,E,V,E
L,L,L,L,L,L,E
L,L,E,V,V,V,E
L,V,V,L,V,V,E
L,E,L,L,V,V,E
L,L,V,L,L,V,L
L,L,V,L,L,V,L
V,V,L,V,V,L,V
L,L,V,L,V,V,V
V,V,L,L,L,E,L
V,V,L,V,V,V,V
E,L,V,V,V,L,L
V,V,L,V,V,L,E
V,V,V,V,V,L,L
L,L,L,E,L,E,E
V,V,V,V,L,L,V
E,L,L,L,L,L,V
L,L,V,L,L,V,E
L,L,V,L,L,V,L
V,V,L,V,V,L,V
V,L,L,L,L,L,V
L,E,V,V,V,E,L
V,V,L,V,V,V,V
L,L,V,L,E,V,L
L,L,V,L,E,V,L
E,V,E,V,V,V,E
V,V,L,V,V,E,E
V,V,L,V,V,L,L
V,E,L,V,V,L,L
V,V,L,V,V,L,L
V,V,L,L,L,V,E
V,L,V,L,L,L,L
L,L,V,L,L,L,E
V,V,L,V,V,L,L
L,L,V,L,L,V,L
V,E,L,V,L,L,E
V,L,L,E,L,E,V
E,L,L,E,L,L,V
V,V,L,V,V,L,E
L,L,L,L,L,L,V
V,V,L,V,V,L,V
V,V,V,V,V,L,L
L,L,V,E,E,V,L
L,V,V,E,V,L,E
L,V,V,L,E,V,E
V,E,L,L,L,V,E
V,V,E,V,V,L,E
V,L,L,V,L,L,E
L,L,V,L,L,V,V
V,V,L,V,V,L,L
E,V,L,E,L,L,E
V,V,L,L,E,L,L
E,L,V,L,L,V,V
V,V,L,V,V,L,E
V,V,L,V,V,L,V
L,L,V,L,L,V,L
V,V,E,V,V,E,E
L,L,L,V,E,L,L
V,L,L,V,V,L,L
L,V,V,L,V,V,E
L,L,V,L,E,V,L
V,V,L,V,V,L,V
L,L,V,E,L,L,L
L,V,V,L,V,V,L
V,V,E,V,V,V,V
V,V,L,V,V,E,V
L,L,V,L,V,V,L
V,V,L,V,V,E,V
L,L,V,L,L,V,L
L,L,V,L,L,V,L
V,V,L,V,L,L,V
L,L,L,L,L,E,L
L,L,V,L,L,L,E
E,L,L,L,L,L,L
V,L,L,E,E,E,V
V,V,V,V,V,E,V
L,L,L,L,L,L,L
L,L,V,L,V,V,E
V,V,L,V,V,L,E
V,L,V,E,L,L,V
L,L,E,L,L,V,L
V,V,V,L,V,V,V
L,L,V,L,L,V,V
V,V,L,V,V,E,L
V,V,V,V,V,V,E
L,L,V,L,L,V,L
L,V,V,L,E,V,L
L,L,V,L,L,V,L
E,L,L,E,E,L,V
V,L,L,E,V,L,L
L,L,V,L,E,V,V
V,V,L,V,V,L,L
V,V,L,V,V,L,L
V,V,L,V,V,E,L
V,V,L,V,V,L,L
L,L,E,L,V,V,E
V,V,V,V,V,L,E
L,L,V,E,L,L,L
L,L,V,L,L,E,V
L,L,E,L,L,E,E
L,L,V,L,L,V,L
V,V,L,V,E,L,V
L,E,V,L,L,V,V
L,L,V,V,V,L,L
L,L,V,L,V,V,E
L,L,V,E,L,L,L
V,V,L,V,E,L,L
V,V,E,V,V,E,E
V,V,L,L,E,L,L
V,V,L,E,L,V,L
L,L,L,L,E,E,L
L,L,V,E,E,V,L
V,V,L,L,E,V,L
V,V,L,V,V,L,L
L,L,V,E,E,E,L
V,V,L,L,E,V,V
L,L,L,V,V,L,L
L,V,V,L,E,V,E
V,V,L,V,V,L,V
V,V,V,V,V,L,E
L,L,V,E,L,L,L
L,L,V,V,V,L,L
L,L,V,E,V,V,E
L,L,V,V,L,L,E
V,V,L,V,V,E,V
V,V,L,V,V,V,V
L,L,L,E,L,E,E
V,V,L,L,V,E,L
V,L,L,L,L,L,E
E,V,V,V,L,L,L
L,L,V,L,L,V,L
V,V,L,L,L,E,L
V,V,L,V,L,L,L
L,L,L,V,L,L,L
V,E,V,V,V,V,L
V,V,L,V,V,L,V
V,V,V,V,V,L,L
V,V,V,E,V,V,V
L,L,V,V,L,L,L
L,L,V,V,E,E,E
L,L,L,V,L,L,L
V,L,L,V,V,L,L
V,V,L,V,E,E,E
V,V,V,E,V,L,V
L,L,L,V,V,L,E
L,L,V,L,L,V,V
V,V,L,V,V,V,L
V,V,L,V,V,L,V
L,V,V,V,V,L,E
L,L,V,L,L,V,E
V,E,L,V,E,L,E
L,L,V,L,L,V,E
L,L,E,E,E,L,L
L,L,L,L,L,L,L
L,L,V,L,L,E,V
V,V,L,V,V,L,L
V,V,L,V,V,L,L
V,E,E,V,E,E,V
L,L,L,L,L,V,L
V,V,V,V,V,V,L
V,L,L,V,V,L,L
L,L,V,V,V,L,E
V,L,L,V,V,L,E
L,L,L,L,L,L,L
L,L,V,L,L,V,L
E,L,V,V,V,L,E
V,V,L,V,E,L,V
V,V,L,V,V,V,E
V,V,L,V,V,L,E
L,L,V,L,V,V,V
L,E,V,L,L,E,E
L,L,L,L,L,L,L
E,V,L,L,E,V,V
V,V,V,L,V,V,E
V,E,L,L,L,V,L
L,L,V,L,V,V,E
V,V,V,V,V,V,L
V,V,L,V,V,L,V
L,L,L,L,L,V,E
L,L,L,L,L,L,E
V,L,L,V,L,L,E
V,V,L,V,V,L,L
L,V,V,V,V,L,L
L,L,E,E,L,L,E
V,V,E,L,V,V,E
V,L,L,V,V,L,E
E,L,L,L,L,E,V
L,L,V,L,L,V,V
E,V,V,V,V,L,L
V,V,L,V,V,L,V
L,L,L,V,L,L,L
V,V,V,V,V,V,E
V,L,L,L,L,V,L
L,L,V,L,L,V,L
V,V,V,V,V,V,E
V,V,V,V,V,V,L
V,V,L,V,V,V,E
V,V,V,V,V,E,L
L,L,V,L,L,V,V
V,L,L,V,L,L,L
L,V,E,L,E,L,L
L,E,V,L,V,E,E
L,L,L,L,L,L,L
V,V,V,E,L,E,E
E,L,V,V,E,L,V
V,V,V,E,V,V,L
L,E,V,L,V,V,L
V,V,L,V,V,L,L
V,V,E,V,V,V,L
L,L,V,V,V,L,L
L,L,L,L,L,V,E
V,V,V,V,V,L,V
L,E,V,L,L,E,L
V,L,L,V,V,L,E
L,V,V,V,V,V,E
L,L,L,V,E,L,E
V,L,L,V,V,L,V
V,E,L,V,V,V,L
V,V,L,V,V,L,L
E,E,L,V,E,L,E
L,L,V,L,L,V,V
L,L,L,L,L,V,L
V,V,V,V,V,L,E
L,L,L,E,L,L,E
L,L,V,L,V,V,V
L,V,V,L,V,V,E
V,V,L,L,V,V,V
V,L,L,V,V,E,L
L,L,V,V,V,V,L
V,V,E,V,E,L,E
V,V,V,L,L,V,L
L,L,L,L,L,V,E
L,E,V,L,L,E,L
V,L,L,V,E,L,V
L,L,V,V,V,V,L
V,V,V,V,V,L,L
V,L,L,V,L,L,L
L,L,L,L,L,L,L
V,V,L,V,V,L,E
V,V,V,V,V,L,L
V,V,V,V,V,V,L
L,L,V,V,V,E,E
L,L,V,V,V,L,E
V,V,L,V,V,V,E
L,L,V,L,L,V,L
V,V,L,V,L,L,E
V,V,L,V,E,L,V
L,E,V,E,L,L,E
L,L,E,E,L,L,V
V,L,L,V,L,L,V
V,V,L,L,L,L,L
V,L,L,V,V,L,V
L,L,V,L,V,V,V
V,V,V,L,E,V,L
V,E,V,L,L,V,E
L,L,L,L,L,V,L
E,L,L,L,E,E,E
L,L,V,L,L,L,L
L,L,V,L,L,V,L
V,V,L,V,V,L,V
L,V,V,L,L,L,E
V,V,L,V,V,L,V
V,V,L,V,V,L,E
V,V,L,V,V,L,L
L,L,V,V,L,L,L
V,V,V,V,V,E,L
L,E,L,V,V,L,E
V,V,L,L,L,V,L
V,E,L,V,L,L,L
V,V,L,V,V,L,V
V,V,L,V,V,L,E
V,V,L,V,V,L,L
V,V,E,V,V,L,V
V,V,L,V,V,L,L
V,E,L,V,V,L,L
L,L,V,L,L,V,L
L,V,L,V,V,L,V
V,V,L,V,V,L,E
L,L,L,L,L,L,L
L,L,V,L,L,V,L
V,V,V,E,V,V,E
L,L,V,L,L,E,E
E,E,V,V,V,E,L
V,L,V,L,L,V,L
L,E,V,L,L,V,L
L,L,E,L,L,E,E
V,V,L,V,V,L,E
V,V,L,V,V,L,L
V,V,L,V,V,V,L
V,V,V,V,V,V,V
V,L,L,V,E,L,E
V,V,L,V,V,E,V
E,V,V,E,E,V,V
L,L,V,V,V,E,V
L,L,L,V,L,L,V
V,V,L,L,L,L,E
L,L,V,L,L,E,L
L,L,V,L,L,V,L
L,V,V,L,L,V,L
L,V,V,V,V,V,V
L,L,L,L,L,L,L
V,V,L,V,L,L,L
V,V,E,E,E,E,L
L,L,L,E,L,L,V
V,V,L,V,V,L,L
V,L,L,V,L,E,L
V,V,L,V,L,L,E
V,V,V,V,V,L,L
V,V,V,V,V,E,L
E,E,V,V,V,L,V
L,L,L,V,V,E,E
L,L,L,L,L,L,E
V,V,V,V,V,V,L
V,V,L,V,V,L,E
L,L,L,V,L,L,L
L,L,V,L,V,V,L
L,V,L,L,V,V,L
V,V,V,E,E,E,V
E,L,E,V,V,L,L
V,L,L,L,L,V,L
L,L,E,E,L,V,L
L,L,V,V,E,E,E
V,V,V,E,L,L,L
E,E,L,V,V,V,E
L,L,V,L,E,V,L
L,E,V,L,L,V,L
V,E,L,L,L,V,L
V,V,L,V,E,L,L
V,V,V,V,V,L,E
V,V,E,E,V,L,E
V,V,L,V,E,L,E
L,L,L,V,V,L,L
L,L,V,L,L,E,L
L,E,V,E,V,V,L
L,L,L,L,L,L,E
V,L,E,V,L,L,L
L,L,E,L,E,V,L
V,V,L,V,V,L,E
V,E,L,V,V,V,E
V,L,L,V,L,L,L
V,V,V,V,V,V,V
E,E,V,V,L,L,L
E,V,V,V,V,V,L
V,V,V,V,L,V,L
V,L,L,V,V,L,V
V,V,V,L,L,V,L
L,V,V,V,V,L,L
V,V,E,V,V,L,E
L,L,L,V,V,V,E
V,E,L,V,V,L,V
L,L,L,V,V,L,E
V,L,L,E,L,L,V
V,V,L,E,L,E,V
L,L,L,L,L,V,E
V,V,V,L,L,V,E
V,V,L,V,V,L,L
E,V,E,L,E,E,V
L,L,L,L,L,L,V
V,V,L,V,L,L,L
L,L,V,L,L,V,L
L,L,L,L,L,L,E
L,L,L,V,L,L,E
V,V,V,L,L,V,V
V,V,V,V,V,V,V
V,V,V,V,V,V,V
L,V,V,V,V,V,V
L,L,V,L,L,V,L
V,V,L,V,V,L,L
L,L,V,L,V,V,L
V,V,V,L,L,E,E
V,V,E,V,V,V,E
L,L,L,V,L,L,L
L,L,E,L,L,V,V
V,V,L,V,V,L,V
V,V,L,V,V,V,L
L,L,L,V,V,L,L
V,V,V,V,V,V,V
L,L,V,L,L,V,L
V,V,L,V,L,L,E
L,L,L,E,L,L,V
L,L,V,L,V,V,L
V,V,L,V,E,L,E
L,V,V,L,V,E,E
L,L,V,V,E,L,E
L,E,V,L,L,V,V
V,E,L,V,E,L,V
L,L,V,L,L,E,L
E,L,E,E,V,V,L
L,L,V,L,L,V,L
L,L,L,L,L,L,E
V,V,L,V,V,L,V
L,V,V,E,V,V,E
L,L,E,L,L,V,L
L,L,V,L,V,V,L
E,L,L,E,E,L,L
V,L,L,E,L,L,V
V,V,L,V,V,L,L
V,V,L,V,L,L,V
L,V,E,L,E,E,L
E,L,V,E,L,L,L
L,L,V,L,L,L,L
V,V,L,V,V,L,L
V,E,L,V,L,L,V
E,L,L,L,L,L,L
V,V,L,V,V,L,E
L,L,V,L,E,V,L
L,L,V,L,E,V,E
V,V,L,V,V,E,L
L,L,V,V,L,L,L
V,E,L,V,L,L,E
L,V,V,L,V,V,E
L,L,V,L,V,V,E
V,V,E,V,V,L,E
V,V,V,L,V,V,L
L,L,V,L,L,V,L
V,E,L,V,L,L,V
L,L,L,E,L,L,V
V,V,L,V,V,V,V
L,L,L,L,L,L,E
L,L,V,L,L,V,L
V,L,L,V,L,L,V
L,E,V,L,L,V,L
V,V,L,V,V,L,L
L,V,V,L,V,V,L
V,L,L,V,V,L,V
L,L,L,V,L,L,E
L,V,V,L,E,V,L
V,V,L,E,V,L,V
L,L,V,L,L,L,L
V,L,L,E,L,E,L
L,L,L,E,L,L,L
E,L,V,L,L,E,E
V,V,L,V,V,L,E
V,V,L,L,E,V,V
V,E,L,V,V,L,V
V,V,L,V,V,L,E
L,L,L,V,V,L,E
V,L,E,V,V,V,V
V,V,L,V,V,L,E
L,V,V,L,L,E,L
V,L,V,L,L,V,L
L,L,V,L,L,V,V
V,V,L,V,V,L,V
L,V,V,L,V,V,V
L,L,V,L,V,V,L
V,V,L,V,V,E,L
L,L,V,L,L,V,L
L,L,V,L,L,V,E
V,L,L,V,V,E,L
V,V,L,V,V,L,L
V,V,L,V,V,L,E
V,L,L,V,V,L,L
L,L,V,L,L,L,L
V,V,L,V,V,V,V
L,V,E,V,V,L,L
L,L,V,L,L,V,E
V,V,L,V,V,L,L
V,V,L,V,V,L,V
L,L,L,E,L,L,L
L,L,V,L,L,L,L
L,V,V,V,V,V,E
E,L,E,L,L,V,V
L,L,V,V,V,L,E
L,V,V,V,V,L,L
L,L,V,L,L,L,V
L,L,V,L,L,V,L
L,L,L,L,E,L,E
L,L,V,L,L,V,E
V,V,L,L,L,V,V
V,V,L,V,V,L,V
L,L,E,L,L,V,V
V,L,L,L,L,L,L
L,L,L,L,L,L,V
V,V,V,L,V,V,L
L,L,V,L,L,V,V
L,L,V,E,L,L,V
V,L,L,L,L,V,L
L,V,V,V,V,E,E
V,V,L,V,V,L,L
L,L,V,L,E,V,L
V,V,V,V,V,V,E
L,L,V,E,V,V,V
V,L,L,V,L,L,E
V,V,L,V,V,L,E
L,L,V,E,L,L,L
L,E,V,L,E,E,L
L,V,V,V,E,V,L
L,L,V,V,V,V,V
V,E,L,V,V,L,E
E,L,L,V,V,L,V
V,L,L,E,L,E,L
L,V,V,E,V,V,L
L,L,V,V,V,E,L
E,L,L,V,V,V,L
V,V,V,L,L,L,E
V,V,V,L,L,V,V
V,V,V,V,E,L,E
V,L,L,V,L,L,L
L,L,V,E,E,V,E
L,V,V,L,V,V,L
V,V,L,V,E,L,L
V,L,V,E,L,E,L
V,E,L,V,E,L,V
V,V,L,V,V,L,L
V,L,L,E,L,L,E
L,V,V,L,V,V,E
V,E,L,L,L,L,L
L,E,V,L,L,V,V
V,L,L,V,L,L,V
L,V,V,L,V,V,E
V,L,V,L,L,V,E
V,V,V,E,V,E,L
L,V,V,E,V,E,L
E,V,V,V,V,L,V
L,V,V,L,E,V,L
E,V,V,L,E,V,L
V,E,L,V,E,L,L
L,V,V,V,V,V,L
L,L,L,V,L,L,L
L,L,E,V,E,L,V
L,L,L,L,L,V,E
L,L,V,L,L,V,L
V,V,E,V,V,V,L
V,V,L,V,V,L,L
V,V,L,V,V,L,V
V,E,L,V,V,L,L
E,V,V,V,V,E,V
V,L,L,V,V,E,E
L,E,V,V,V,E,E
V,V,V,L,L,E,V
L,L,V,L,L,L,V
V,E,L,L,L,V,L
L,V,V,L,V,E,L
V,L,L,V,V,L,E
V,V,L,V,V,L,E
V,V,L,L,E,V,E
L,V,V,L,E,L,E
L,L,V,L,L,E,V
L,L,L,L,L,V,L
V,L,L,V,L,L,V
L,L,L,L,E,E,L
L,V,V,V,V,E,V
L,V,V,L,E,V,V
V,V,L,V,V,L,L
E,V,E,V,V,L,L
V,L,L,V,E,V,V
V,V,V,E,V,V,L
E,L,V,L,L,V,E
V,V,L,E,L,E,L
V,V,V,V,V,V,E
V,V,E,E,V,V,V
L,L,L,L,L,L,E
V,V,L,V,V,L,V
L,L,L,L,L,L,V
V,V,L,V,E,L,L
L,L,L,V,L,L,E
L,L,V,L,L,V,E
L,V,V,L,L,V,L
L,E,V,E,L,E,V
V,L,E,V,L,L,E
V,L,L,L,L,V,L
L,V,V,V,V,L,V
V,V,V,V,V,V,L
L,V,V,L,E,V,V
V,V,L,V,V,L,E
L,V,V,L,L,V,V
E,L,L,V,L,L,V
L,V,V,L,V,V,L
V,E,V,V,V,L,L
V,V,L,L,V,V,L
V,E,L,V,L,L,E
E,L,L,L,V,V,E
V,E,L,L,L,V,E
V,L,L,V,L,L,E
V,V,L,V,V,L,L
L,L,V,L,L,L,V
L,L,E,V,V,V,E
L,L,V,L,L,L,L
L,V,V,V,V,V,L
V,V,L,V,L,L,L
V,V,L,L,L,L,E
V,V,L,V,V,L,L
L,L,V,L,V,V,V
V,V,L,V,V,L,L
V,L,L,V,V,L,L
L,L,L,V,V,E,L
E,L,L,L,L,V,E
L,V,V,E,L,V,E
V,L,L,L,L,L,E
L,E,V,V,V,V,E
E,V,V,V,E,V,L
V,L,L,E,V,V,V
V,V,V,L,L,V,E
L,V,V,E,V,V,E
L,L,L,L,L,E,L
V,V,L,E,V,V,L
L,L,V,V,V,L,L
V,V,V,V,L,L,L
L,V,E,V,V,L,L
L,L,V,L,L,L,E
V,V,L,L,L,L,L
V,E,L,V,V,E,E
V,L,L,E,L,E,L
V,V,V,V,V,V,L
L,V,L,V,L,L,L
V,V,L,V,V,L,E
E,V,E,L,L,L,V
V,L,L,L,L,L,V
V,L,L,L,L,V,E
V,E,V,V,V,V,V
V,V,E,V,E,L,L
L,L,V,L,V,V,L
L,V,V,L,V,V,L
L,V,V,L,V,V,L
L,L,V,V,L,L,L
L,V,V,L,V,E,E
L,E,V,E,V,E,L
L,V,L,V,V,L,E
V,L,L,L,L,L,V
V,V,V,V,V,V,E
V,L,L,L,L,L,L
V,V,L,V,V,L,L
E,E,L,V,E,L,V
L,L,L,L,L,E,L
L,L,V,V,L,E,L
V,V,V,L,E,V,E
V,V,E,V,V,E,V
E,L,V,L,L,V,L
V,V,V,V,V,V,L
V,L,L,V,V,L,V
V,V,E,V,V,L,V
E,V,V,V,V,V,L
L,E,E,V,V,L,L
L,L,V,E,V,V,V
V,V,V,V,V,V,E
E,E,V,L,L,V,L
L,L,L,L,L,L,E
V,L,L,V,L,L,V
E,L,L,V,L,L,V
E,L,L,L,L,V,L
V,L,L,E,L,L,E
L,L,V,L,L,V,V
V,L,V,L,L,V,L
L,L,V,L,L,V,V
E,V,V,E,V,V,L
L,E,V,L,L,V,V
V,V,V,L,L,V,L
V,V,L,V,V,L,L
V,V,L,V,V,L,E
V,V,L,V,V,E,E
L,L,V,L,L,V,L
E,V,V,V,V,L,L
L,L,V,L,E,V,L
L,L,L,L,L,E,L
V,L,L,L,E,L,L
V,L,L,V,E,L,L
L,L,L,V,V,L,E
L,L,V,E,L,V,L
V,V,L,V,E,L,E
V,V,V,E,V,V,V
L,L,V,V,V,V,E
V,V,V,V,V,E,V
V,V,V,V,L,L,V
V,V,L,E,V,E,L
V,V,V,L,L,L,V
V,V,V,L,V,V,V
V,L,L,V,E,E,L
V,V,L,V,V,L,V
L,E,V,L,L,V,E
L,L,L,V,V,L,E
V,L,L,E,L,L,V
L,L,E,E,L,L,L
L,L,L,L,L,L,V
V,V,L,L,E,L,E
L,E,V,L,V,V,L
E,V,V,E,V,V,L
L,L,V,V,V,V,L
V,V,L,V,V,L,V
L,L,L,V,V,V,E
L,L,V,V,L,L,L
L,L,V,L,L,V,E
V,L,L,V,L,L,L
V,V,E,V,V,L,V
V,V,L,E,E,L,L
V,V,L,V,V,L,L
L,V,V,V,V,V,L
V,V,L,V,E,L,L
L,L,V,V,V,L,E
V,L,L,V,V,L,E
L,L,V,L,L,V,V
L,L,L,V,E,L,L
E,E,V,V,V,V,E
E,V,V,L,L,V,V
L,V,V,L,V,V,L
L,L,L,L,L,L,E
L,L,V,L,E,V,E
E,L,E,L,L,E,L
V,V,L,V,L,L,E
L,L,L,V,V,L,L
V,V,V,L,V,V,L
L,L,L,L,L,L,L
L,L,V,L,L,V,L
E,L,E,E,V,V,L
V,L,L,V,V,L,V
V,V,V,V,E,L,E
V,V,L,V,V,E,V
E,L,L,V,V,L,L
V,V,L,V,E,L,E
L,L,V,V,V,L,L
V,V,L,V,V,L,V
L,L,V,L,V,L,V
L,L,L,L,L,E,E
V,V,L,L,L,L,V
V,V,L,V,E,L,L
V,V,V,V,V,V,E
E,V,V,V,V,V,V
L,L,V,E,V,V,L
V,V,V,E,V,V,V
V,V,L,V,V,L,V
E,L,L,V,E,L,E
V,E,L,V,V,L,E
L,L,L,L,L,V,V
L,L,V,V,V,E,E
L,L,V,L,L,V,L
V,L,L,L,L,E,V
L,L,V,L,L,V,E
V,L,L,V,V,L,E
V,E,L,V,L,L,V
V,V,V,V,V,V,L
L,L,V,L,L,V,V
L,L,L,V,L,L,E
L,L,V,L,L,L,L
V,V,V,V,E,E,E
L,V,V,L,V,V,L
V,V,E,E,E,E,V
L,V,V,L,E,V,V
V,L,L,V,E,L,E
V,V,V,V,V,V,L
V,V,E,E,V,V,V
L,L,V,L,L,E,L
L,L,E,L,L,L,L
V,V,L,V,V,L,V
L,L,L,V,V,E,V
V,V,L,V,V,L,E
L,L,V,V,L,E,V
V,V,L,V,V,V,L
L,L,V,L,L,V,L
V,V,V,V,V,V,L
V,V,L,V,V,L,V
L,L,V,L,L,L,L
V,V,E,E,V,V,E
L,E,V,L,L,V,V
E,L,V,V,V,E,V
V,V,L,V,V,L,E
V,V,L,V,V,V,L
V,V,L,V,L,L,V
L,L,V,L,L,V,E
L,L,L,V,L,L,E
V,V,E,L,E,V,E
L,L,V,L,L,E,E
V,V,E,E,V,V,V
L,L,L,E,L,L,L
V,V,V,V,V,V,L
L,L,V,V,L,L,L
L,L,V,L,L,V,L
E,L,L,V,V,L,V
V,L,L,V,L,L,E
V,V,V,V,V,V,E
V,L,L,V,L,L,V
L,L,L,L,L,L,L
L,L,V,L,E,V,E
V,V,L,V,V,V,L
V,V,L,V,V,L,V
V,V,L,V,V,L,L
V,V,L,V,V,L,V
L,L,V,E,L,L,L
L,V,V,L,L,V,L
V,V,V,L,V,V,E
L,L,L,L,L,V,V
L,L,V,L,L,V,L
L,L,V,V,L,L,V
L,E,V,L,L,V,V
V,V,L,V,V,L,E
L,L,V,L,L,E,L
V,V,L,V,E,L,E
V,V,L,L,V,V,L
L,L,V,L,L,V,L
V,V,L,V,L,L,E
V,L,L,V,E,L,E
L,L,V,L,L,V,E
V,V,L,V,V,L,V
V,V,L,V,V,L,E
V,V,E,V,V,L,V
L,L,V,L,L,V,L
L,E,E,E,E,L,L
L,V,V,L,V,V,V
V,V,L,V,V,V,E
E,L,V,V,L,L,V
L,L,V,L,L,E,L
V,V,L,V,L,L,L
L,E,L,V,L,L,L
L,L,V,L,L,L,L
L,L,V,L,L,V,L
V,V,V,L,L,V,L
L,L,E,L,L,V,L
E,V,V,L,L,L,V
V,V,L,V,V,E,V
V,V,L,V,V,E,E
V,L,L,E,L,L,L
L,L,V,V,V,L,L
V,V,L,E,V,L,V
V,V,V,L,V,V,L
L,V,V,E,V,L,E
V,V,L,V,V,L,E
V,V,L,V,V,L,V
E,V,V,V,V,L,V
V,V,L,V,V,L,L
L,L,L,L,L,L,E
V,V,L,V,V,L,V
L,L,V,L,L,V,E
V,L,L,V,L,L,L
L,V,V,V,V,V,L
V,V,V,V,V,V,V
V,V,V,L,E,V,L
V,V,L,L,V,V,V
L,L,V,L,L,E,V
V,V,L,V,V,L,E
V,L,L,L,L,L,E
V,V,V,V,V,L,L
V,V,E,L,V,V,E
L,L,V,L,L,L,L
V,V,V,L,E,V,V
V,V,V,V,V,E,L
L,L,L,L,L,L,V
E,L,L,V,V,L,V
L,L,V,L,V,V,E
L,L,V,L,L,L,L
V,V,L,L,L,V,E
V,V,L,V,L,L,V
V,L,L,V,E,L,V
V,L,L,V,V,L,L
L,L,V,E,L,L,E
V,V,V,V,V,V,V
V,V,L,L,V,V,V
E,V,V,V,V,L,E
V,E,L,L,L,E,L
L,L,V,L,L,V,L
L,L,V,V,V,L,V
V,V,V,L,V,V,V
V,V,L,V,E,L,V
L,L,V,E,V,L,L
L,L,V,L,L,V,E
L,L,V,L,V,V,E
